﻿{
	"Contents" : [
		{
			"Document" : {
				"Id" : "templates.roleName",
				"Arguments" : {
					"roleName" : "stirrer"
				}
			}
		},
		{
			"TranslationKey" : "role.stirrer.doc.main"
		},
		{
			"Document" : {
				"Id" : "templates.buttonContent",
				"Arguments" : {
					"buttonName" : "StirButton",
					"textKey" : "role.stirrer.doc.stirButton"
				}
			}
		},
		{
			"Document" : {
				"Id" : "templates.buttonContent",
				"Arguments" : {
					"buttonName" : "FakeSaboButton",
					"textKey" : "role.stirrer.doc.fakeSaboButton"
				}
			}
		}
	]
}