﻿{
	"Contents" : [
		{
			"Document" : {
				"Id" : "templates.roleName",
				"Arguments" : {
					"roleName" : "marionette"
				}
			}
		},
		{
			"TranslationKey" : "role.marionette.doc.main"
		},
		{
			"Document" : {
				"Id" : "templates.imageContent",
				"Arguments" : {
					"imageName" : "Decoy",
					"textKey" : "role.marionette.doc.decoy"
				}
			}
		},
		{
			"Document" : {
				"Id" : "templates.buttonContent",
				"Arguments" : {
					"buttonName" : "DecoyButton",
					"textKey" : "role.marionette.doc.decoyButton"
				}
			}
		},
		{
			"Document" : {
				"Id" : "templates.buttonContent",
				"Arguments" : {
					"buttonName" : "DecoySwapButton",
					"textKey" : "role.marionette.doc.swapButton"
				}
			}
		},
		{
			"Document" : {
				"Id" : "templates.buttonContent",
				"Arguments" : {
					"buttonName" : "DecoyMonitorButton",
					"textKey" : "role.marionette.doc.monitorButton"
				}
			}
		},
		{
			"Document" : {
				"Id" : "templates.buttonContent",
				"Arguments" : {
					"buttonName" : "DecoyDestroyButton",
					"textKey" : "role.marionette.doc.destroyButton"
				}
			}
		}
	]
}