﻿{
	"Contents" : [
		{
			"Document" : {
				"Id" : "templates.roleName",
				"Arguments" : {
					"roleName" : "phosphorus"
				}
			}
		},
		{
			"TranslationKey" : "role.phosphorus.doc.main",
			"IsVariable" : True,
			"Document" : null
		},
		{
			"Document" : {
				"Id" : "templates.buttonContent",
				"Arguments" : {
					"buttonName" : "LanternPlaceButton",
					"textKey" : "role.phosphorus.doc.placeButton"
				}
			}
		},
		{
			"Document" : {
				"Id" : "templates.buttonContent",
				"Arguments" : {
					"buttonName" : "LanternButton",
					"textKey" : "role.phosphorus.doc.lanternButton"
				}
			}
		}
	],
	"Document" : null
}