﻿{
	"Contents" : [
		{
			"Document" : {
				"Id" : "templates.roleName",
				"Arguments" : {
					"roleName" : "ubiquitous"
				}
			}
		},
		{
			"TranslationKey" : "role.ubiquitous.doc.main"
		},
		{
			"Document" : {
				"Id" : "templates.buttonContent",
				"Arguments" : {
					"buttonName" : "DroneButton",
					"textKey" : "role.ubiquitous.doc.droneButton"
				}
			}
		},
		{
			"Document" : {
				"Id" : "templates.buttonContent",
				"Arguments" : {
					"buttonName" : "DroneCallBackButton",
					"textKey" : "role.ubiquitous.doc.callBackButton"
				}
			}
		},
		{
			"Document" : {
				"Id" : "templates.buttonContent",
				"Arguments" : {
					"buttonName" : "DroneHackButton",
					"textKey" : "role.ubiquitous.doc.droneHackButton"
				}
			}
		},
		{
			"VSpace" : 0.2
		},
		{
			"Aligned" : [
				{
					"Document" : {
						"Id" : "templates.captionedImage",
						"Arguments" : {
							"imageFullName" : "Images.Drone0",
							"textKey" : "role.ubiquitous.doc.dronePhase1"
						}
					}
				},
				{
					"Document" : {
						"Id" : "templates.horizontalArrow",
						"Arguments" : {
							"colorStyle" : "role.ubiquitous",
							"translationKey" : "role.ubiquitous.doc.meeting"
						}
					}
				},
				{
					"Document" : {
						"Id" : "templates.captionedImage",
						"Arguments" : {
							"imageFullName" : "Images.Drone1",
							"textKey" : "role.ubiquitous.doc.dronePhase2"
						}
					}
				},
				{
					"HSpace" : 0.2
				},
				{
					"TranslationKey" : "role.ubiquitous.doc.dronePhase"
				}
			]
		}
	]
}